{
  "results": [
    {
      "command": "./part2 < input",
      "mean": 6.15379736492,
      "stddev": 0.027265237330820643,
      "median": 6.15125686862,
      "user": 6.14338078,
      "system": 0.0015780239999999997,
      "min": 6.11749924312,
      "max": 6.18445918712,
      "times": [
        6.1839158221199995,
        6.12848506112,
        6.12048439712,
        6.13995718312,
        6.15975326512,
        6.11749924312,
        6.14276047212,
        6.17728781812,
        6.18445918712,
        6.18337120012
      ],
      "exit_codes": [
        0,
        0,
        0,
        0,
        0,
        0,
        0,
        0,
        0,
        0
      ]
    }
  ]
}
