{
  "results": [
    {
      "command": "./part2 < input",
      "mean": 0.8308238897800002,
      "stddev": 0.008369478272991948,
      "median": 0.83038762738,
      "user": 0.8285285,
      "system": 0.0021355040000000003,
      "min": 0.8228246998800001,
      "max": 0.8521279648800001,
      "times": [
        0.8249070838800001,
        0.8305489258800001,
        0.8228246998800001,
        0.8313067718800001,
        0.8333142858800001,
        0.8322115638800001,
        0.8521279648800001,
        0.83022632888,
        0.8231911568800001,
        0.8275801158800001
      ],
      "exit_codes": [
        0,
        0,
        0,
        0,
        0,
        0,
        0,
        0,
        0,
        0
      ]
    }
  ]
}
