{
  "results": [
    {
      "command": "./part2 < input",
      "mean": 0.02523827309058824,
      "stddev": 0.0028132486865861763,
      "median": 0.02434902462,
      "user": 0.02478317725490195,
      "system": 0.0008766760784313725,
      "min": 0.02192714062,
      "max": 0.032758186620000004,
      "times": [
        0.027093644620000003,
        0.02458438962,
        0.02234206762,
        0.024592770620000003,
        0.025739143620000002,
        0.022359457620000002,
        0.02343019362,
        0.02192714062,
        0.02317806662,
        0.02433840862,
        0.02353006662,
        0.02206430862,
        0.02232055662,
        0.02820851962,
        0.025061475620000002,
        0.02614561962,
        0.02485146262,
        0.024343786620000002,
        0.02412637062,
        0.02435426262,
        0.02397292962,
        0.03138224362,
        0.02350743862,
        0.028863700620000002,
        0.030975907620000003,
        0.022891578620000002,
        0.030138791620000004,
        0.026671943620000003,
        0.02278870262,
        0.023528180620000002,
        0.02376612962,
        0.02282278462,
        0.02569283962,
        0.031918066620000005,
        0.032005018620000006,
        0.02563996962,
        0.026190457620000003,
        0.02216872162,
        0.026372324620000002,
        0.027721936620000002,
        0.02623159462,
        0.026768812620000002,
        0.025924711620000002,
        0.02640703562,
        0.02566965162,
        0.023965107620000002,
        0.02708386662,
        0.025945105620000002,
        0.03224282762,
        0.02665944162,
        0.025167703620000002,
        0.02628551162,
        0.03246233862,
        0.02759747962,
        0.02278646762,
        0.02532226162,
        0.02605985462,
        0.02532288962,
        0.02395979962,
        0.03116105662,
        0.025763867620000002,
        0.030147312620000002,
        0.023492771620000002,
        0.028467631620000003,
        0.032758186620000004,
        0.02565372862,
        0.02248468362,
        0.02339701962,
        0.03156746362,
        0.02287795862,
        0.02370550762,
        0.02655076962,
        0.02313246062,
        0.02285190862,
        0.023039780620000002,
        0.026644076620000002,
        0.02586297262,
        0.02311751462,
        0.02602032462,
        0.02242042962,
        0.02325545062,
        0.023952536620000003,
        0.030553368620000004,
        0.02287320962,
        0.02240778762,
        0.02230121062,
        0.022983977620000002,
        0.023936961620000002,
        0.02217794062,
        0.02370913962,
        0.021974074620000002,
        0.02476527862,
        0.023257336620000003,
        0.02255578162,
        0.02424070062,
        0.022818524620000002,
        0.022434257620000002,
        0.02343375462,
        0.02411310162,
        0.02459472662,
        0.02240639162,
        0.022967076620000002
      ],
      "exit_codes": [
        0,
        0,
        0,
        0,
        0,
        0,
        0,
        0,
        0,
        0,
        0,
        0,
        0,
        0,
        0,
        0,
        0,
        0,
        0,
        0,
        0,
        0,
        0,
        0,
        0,
        0,
        0,
        0,
        0,
        0,
        0,
        0,
        0,
        0,
        0,
        0,
        0,
        0,
        0,
        0,
        0,
        0,
        0,
        0,
        0,
        0,
        0,
        0,
        0,
        0,
        0,
        0,
        0,
        0,
        0,
        0,
        0,
        0,
        0,
        0,
        0,
        0,
        0,
        0,
        0,
        0,
        0,
        0,
        0,
        0,
        0,
        0,
        0,
        0,
        0,
        0,
        0,
        0,
        0,
        0,
        0,
        0,
        0,
        0,
        0,
        0,
        0,
        0,
        0,
        0,
        0,
        0,
        0,
        0,
        0,
        0,
        0,
        0,
        0,
        0,
        0,
        0
      ]
    }
  ]
}
