{
  "results": [
    {
      "command": "./part2 < input",
      "mean": 0.0042050799398130854,
      "stddev": 0.0009571822879190464,
      "median": 0.00410025988,
      "user": 0.0028280685981308426,
      "system": 0.0017022853831775697,
      "min": 0.0021516198800000004,
      "max": 0.008589653879999999,
      "times": [
        0.0035419488800000004,
        0.00447684388,
        0.00458565688,
        0.00461010088,
        0.00414118688,
        0.0021516198800000004,
        0.00383598088,
        0.00356653388,
        0.00537451388,
        0.0031296768800000005,
        0.00320552388,
        0.00363190488,
        0.0043993198800000004,
        0.00501559888,
        0.00466862788,
        0.0035110798800000002,
        0.00440127488,
        0.0037700508800000004,
        0.00360906688,
        0.0035476058800000005,
        0.0030596248800000003,
        0.00280714988,
        0.0028871178799999998,
        0.00279387988,
        0.00390994288,
        0.005874786880000001,
        0.0051187548800000005,
        0.00307107988,
        0.00366228488,
        0.00393159388,
        0.00227621688,
        0.00355933988,
        0.0032527358800000005,
        0.00400548588,
        0.0027654548799999996,
        0.0032615368799999997,
        0.00413280588,
        0.00438898388,
        0.00344403188,
        0.00269491388,
        0.00317290788,
        0.0023236388800000002,
        0.0032021018799999997,
        0.00286881988,
        0.00309657088,
        0.0037770348800000002,
        0.00284877488,
        0.00401072288,
        0.00434610088,
        0.006049597879999999,
        0.00472904088,
        0.0034853778800000004,
        0.0058566278800000005,
        0.00452761888,
        0.00323751088,
        0.00398488288,
        0.00343327688,
        0.00459145288,
        0.00229011488,
        0.00567601788,
        0.00502391088,
        0.0037209528800000004,
        0.00326104688,
        0.00404257188,
        0.00268311188,
        0.00313638088,
        0.00333256588,
        0.0036025718799999997,
        0.0023848198799999998,
        0.00423875588,
        0.00363476888,
        0.0038816568799999998,
        0.0033635048799999998,
        0.00648896988,
        0.0041353208800000004,
        0.0035176448800000003,
        0.00281937188,
        0.0033405968800000003,
        0.0023042928800000003,
        0.00341791188,
        0.00377333288,
        0.00305753088,
        0.0035133138800000005,
        0.0032778098800000004,
        0.00410256388,
        0.0027142608800000004,
        0.0040111428800000005,
        0.00483568788,
        0.00442474188,
        0.0021934538799999997,
        0.00371236188,
        0.0038231298799999997,
        0.00390470488,
        0.0028158798800000003,
        0.0035009518800000004,
        0.0025238038799999998,
        0.00365222788,
        0.00286400088,
        0.00523049988,
        0.0024609468800000003,
        0.00359272388,
        0.00311151688,
        0.00574662688,
        0.0031769588799999996,
        0.00368931488,
        0.0038403108800000004,
        0.00345290088,
        0.0033369648800000004,
        0.00444967488,
        0.0050983608800000005,
        0.0036540448800000003,
        0.00523825388,
        0.0035929338800000004,
        0.0036920378800000004,
        0.00313428688,
        0.0047423798800000005,
        0.0034380958800000003,
        0.0033004378799999998,
        0.00358091988,
        0.0038313708799999997,
        0.0029710668800000005,
        0.0031117268800000004,
        0.00284751788,
        0.0033390608800000004,
        0.00510625288,
        0.00406945988,
        0.00479420288,
        0.00427262788,
        0.00302142288,
        0.0031423178800000003,
        0.00449542188,
        0.00439512988,
        0.00464655888,
        0.00514892588,
        0.00540042488,
        0.00376090088,
        0.00464991088,
        0.0041640248800000005,
        0.00429930788,
        0.0052595548800000004,
        0.00398774588,
        0.00473267288,
        0.00531961788,
        0.00343166988,
        0.0033034408800000003,
        0.0037753588800000003,
        0.00371508588,
        0.0029621968800000002,
        0.00360354988,
        0.0033168508800000005,
        0.00392286388,
        0.0038454788800000002,
        0.0029522798800000003,
        0.00510010688,
        0.00471702788,
        0.0038445008799999998,
        0.00500267888,
        0.00454172688,
        0.0050351538800000005,
        0.00453208888,
        0.00498081788,
        0.00402937088,
        0.00358434288,
        0.00498745288,
        0.0036447558800000003,
        0.00426159288,
        0.0038163558800000004,
        0.00498843088,
        0.00505198588,
        0.00369664788,
        0.00378304188,
        0.00536864688,
        0.00368735888,
        0.00406631688,
        0.00291568288,
        0.00367639388,
        0.0049713898800000005,
        0.00452908488,
        0.0048027228800000005,
        0.00433674188,
        0.0032118098800000003,
        0.00293083888,
        0.00422981488,
        0.00297616488,
        0.00678949688,
        0.00392272388,
        0.00369399288,
        0.00489114188,
        0.00421445088,
        0.00724912088,
        0.00572658288,
        0.004915935880000001,
        0.00426983388,
        0.0038909458799999998,
        0.00330413988,
        0.00550930688,
        0.00429260288,
        0.00431069188,
        0.00493213888,
        0.00432039988,
        0.00403509888,
        0.00525850688,
        0.00410696488,
        0.00754168688,
        0.00450764388,
        0.005234760880000001,
        0.00450938988,
        0.00473364988,
        0.0044579868800000005,
        0.00321146088,
        0.00404787988,
        0.00414677388,
        0.00331754888,
        0.00356010788,
        0.00418392988,
        0.00400283188,
        0.00725359088,
        0.00530104088,
        0.00502474888,
        0.00403384088,
        0.0035560578800000004,
        0.0037354788800000004,
        0.0041879798800000005,
        0.00501427188,
        0.00338711188,
        0.00432382188,
        0.00476088788,
        0.00411785988,
        0.00414872988,
        0.00454116788,
        0.0039945208800000005,
        0.00454172588,
        0.0043336688800000005,
        0.00513272288,
        0.00494575788,
        0.0047629138800000005,
        0.00458439888,
        0.00581339488,
        0.00640180788,
        0.00507580188,
        0.0037674668800000005,
        0.00495930688,
        0.00490133888,
        0.00492724988,
        0.00495693188,
        0.00536347788,
        0.00489072288,
        0.00345241188,
        0.00551552288,
        0.006451185880000001,
        0.0042519548800000005,
        0.00372102288,
        0.0032958288799999997,
        0.00394206988,
        0.00300389188,
        0.00536710988,
        0.00488520588,
        0.00505072888,
        0.00420984088,
        0.005356214880000001,
        0.00493074288,
        0.00435266588,
        0.00487263488,
        0.00431970088,
        0.00390875588,
        0.00462204388,
        0.00518936488,
        0.00575214388,
        0.00445714788,
        0.00407735188,
        0.00518622088,
        0.00476577688,
        0.00402853288,
        0.00452573288,
        0.00422765088,
        0.0034313908800000003,
        0.0035210668799999997,
        0.00345695288,
        0.00448871688,
        0.0035333588800000003,
        0.00379791688,
        0.00410968788,
        0.00484742188,
        0.0035450218799999997,
        0.00392230388,
        0.007244162880000001,
        0.0031942088800000004,
        0.0032127868800000004,
        0.0032695688800000004,
        0.00489847588,
        0.0031888318800000004,
        0.00490483188,
        0.00321662888,
        0.00287210188,
        0.00392761188,
        0.00345101588,
        0.00557677388,
        0.0048231168800000005,
        0.00396644388,
        0.00276377788,
        0.00428240588,
