{
  "results": [
    {
      "command": "./part2 < input",
      "mean": 0.06133155710941179,
      "stddev": 0.0043113282887159415,
      "median": 0.058986130580000004,
      "user": 0.05918632784313727,
      "system": 0.002212950588235294,
      "min": 0.056880768580000005,
      "max": 0.06983707858000002,
      "times": [
        0.05689473658,
        0.06983707858000002,
        0.06786273758000001,
        0.058399883580000006,
        0.06511860658000002,
        0.059810047580000004,
        0.05726936458,
        0.058450099580000005,
        0.05807407458,
        0.057447459580000006,
        0.057045802580000006,
        0.06129962058,
        0.05818288758,
        0.05845624558,
        0.06098016758,
        0.058986130580000004,
        0.05828541358,
        0.058818931580000004,
        0.05934630258,
        0.05700515458,
        0.06867443158000001,
        0.06844479458000001,
        0.05785163058,
        0.06481444858000002,
        0.061858140580000005,
        0.06591996458,
        0.05715147158,
        0.06771306758000001,
        0.058691331580000006,
        0.06407783358000001,
        0.05750598658,
        0.057076044580000006,
        0.06811709958,
        0.06702785658000002,
        0.06699719558000002,
        0.05747344058,
        0.06696073858000001,
        0.06002913858,
        0.06620798958000002,
        0.06348083058000001,
        0.06642023658000001,
        0.05748489358,
        0.05793201758,
        0.058579794580000004,
        0.05770035458,
        0.05952719058,
        0.056880768580000005,
        0.06802588658000001,
        0.05750745258,
        0.06651990058000001,
        0.05768673558
      ],
      "exit_codes": [
        0,
        0,
        0,
        0,
        0,
        0,
        0,
        0,
        0,
        0,
        0,
        0,
        0,
        0,
        0,
        0,
        0,
        0,
        0,
        0,
        0,
        0,
        0,
        0,
        0,
        0,
        0,
        0,
        0,
        0,
        0,
        0,
        0,
        0,
        0,
        0,
        0,
        0,
        0,
        0,
        0,
        0,
        0,
        0,
        0,
        0,
        0,
        0,
        0,
        0,
        0
      ]
    }
  ]
}
