{
  "results": [
    {
      "command": "./part2 < input",
      "mean": 0.01934600771333334,
      "stddev": 0.0027516768016133584,
      "median": 0.01876094578,
      "user": 0.018471775000000006,
      "system": 0.0012666666666666666,
      "min": 0.014108057279999999,
      "max": 0.02521343228,
      "times": [
        0.022542217280000002,
        0.019297815280000002,
        0.02036883028,
        0.01608735628,
        0.01670628928,
        0.02188333528,
        0.02191462428,
        0.01714174728,
        0.02301217828,
        0.01730929728,
        0.02168212328,
        0.02129967328,
        0.01948687528,
        0.02315744828,
        0.01855568228,
        0.019632633280000002,
        0.02518570528,
        0.01741936728,
        0.01864556828,
        0.02034780728,
        0.01870332728,
        0.01879062828,
        0.02112779328,
        0.018465657280000002,
        0.02521343228,
        0.01734086528,
        0.02372141528,
        0.01836843828,
        0.02399372528,
        0.01839504728,
        0.02119567928,
        0.01699682728,
        0.015063204279999999,
        0.01805331528,
        0.01770026828,
        0.018981992280000002,
        0.02160774228,
        0.01864214628,
        0.01991828428,
        0.01775320728,
        0.018898742280000002,
        0.01795707328,
        0.014704710280000002,
        0.01759480828,
        0.01642664428,
        0.01455036128,
        0.01470170628,
        0.02052192128,
        0.02241042628,
        0.01737348028,
        0.01427805028,
        0.023572863280000002,
        0.02255590528,
        0.01822149328,
        0.02131531628,
        0.02359213928,
        0.01728471328,
        0.01906552328,
        0.01792410828,
        0.01719720228,
        0.01610516528,
        0.01810066728,
        0.01933441128,
        0.02457801728,
        0.01921498328,
        0.02361022828,
        0.01428517428,
        0.023341410280000002,
        0.01625378728,
        0.021535875280000002,
        0.019284196280000002,
        0.01626929228,
        0.01702385528,
        0.021558713280000003,
        0.01836501628,
        0.01853654628,
        0.02385627828,
        0.01938700228,
        0.01970889928,
        0.01796273128,
        0.01926086828,
        0.01716821828,
        0.01726306228,
        0.02338512928,
        0.019574246280000002,
        0.01837437528,
        0.023048914280000003,
        0.01496458928,
        0.01873126328,
        0.02429411328,
        0.01752608328,
        0.02080589528,
        0.018330375280000002,
        0.01793898528,
        0.02005754728,
        0.02336424828,
        0.02438455728,
        0.021077927280000002,
        0.018500229280000002,
        0.019248926280000002,
        0.01818615228,
        0.02168736128,
        0.01682096728,
        0.01788031828,
        0.01774175328,
        0.02035625828,
        0.014108057279999999,
        0.02134164728,
        0.02097763528,
        0.01682739228,
        0.02508024528,
        0.01534969428,
        0.022915866280000002,
        0.018279251280000002,
        0.01575100128,
        0.01642189428,
        0.01535018228,
        0.01744939928,
        0.019894887280000002,
        0.02163239628
      ],
      "exit_codes": [
        0,
        0,
        0,
        0,
        0,
        0,
        0,
        0,
        0,
        0,
        0,
        0,
        0,
        0,
        0,
        0,
        0,
        0,
        0,
        0,
        0,
        0,
        0,
        0,
        0,
        0,
        0,
        0,
        0,
        0,
        0,
        0,
        0,
        0,
        0,
        0,
        0,
        0,
        0,
        0,
        0,
        0,
        0,
        0,
        0,
        0,
        0,
        0,
        0,
        0,
        0,
        0,
        0,
        0,
        0,
        0,
        0,
        0,
        0,
        0,
        0,
        0,
        0,
        0,
        0,
        0,
        0,
        0,
        0,
        0,
        0,
        0,
        0,
        0,
        0,
        0,
        0,
        0,
        0,
        0,
        0,
        0,
        0,
        0,
        0,
        0,
        0,
        0,
        0,
        0,
        0,
        0,
        0,
        0,
        0,
        0,
        0,
        0,
        0,
        0,
        0,
        0,
        0,
        0,
        0,
        0,
        0,
        0,
        0,
        0,
        0,
        0,
        0,
        0,
        0,
        0,
        0,
        0,
        0,
        0
      ]
    }
  ]
}
