{
  "results": [
    {
      "command": "./part2 < input",
      "mean": 2.06999679232,
      "stddev": 0.02204397989274003,
      "median": 2.0674973321199994,
      "user": 2.06821914,
      "system": 0.0016673399999999998,
      "min": 2.03359337762,
      "max": 2.1119845216199997,
      "times": [
        2.0711015526199996,
        2.09780956662,
        2.1119845216199997,
        2.05616386462,
        2.0717752406199996,
        2.05720526462,
        2.0638931116199997,
        2.0755958296199997,
        2.06084559362,
        2.03359337762
      ],
      "exit_codes": [
        0,
        0,
        0,
        0,
        0,
        0,
        0,
        0,
        0,
        0
      ]
    },
    {
      "command": "./part2_simpler < input",
      "mean": 1.9404031726200004,
      "stddev": 0.016654552561350892,
      "median": 1.9357554976200002,
      "user": 1.93833224,
      "system": 0.00208414,
      "min": 1.92116970262,
      "max": 1.9756031066200002,
      "times": [
        1.9291903966200001,
        1.92116970262,
        1.9368001466200002,
        1.93204613062,
        1.94895019662,
        1.96054026062,
        1.9347108486200002,
        1.9756031066200002,
        1.93716401762,
        1.9278569196200002
      ],
      "exit_codes": [
        0,
        0,
        0,
        0,
        0,
        0,
        0,
        0,
        0,
        0
      ]
    }
  ]
}
