{
  "results": [
    {
      "command": "./part2 < input",
      "mean": 0.20174331359333333,
      "stddev": 0.0055952283266240055,
      "median": 0.20188401626000002,
      "user": 0.1995328733333333,
      "system": 0.0023297946666666664,
      "min": 0.19283022026000002,
      "max": 0.21114565926,
      "times": [
        0.19353833926,
        0.20890033326000002,
        0.20609648826000002,
        0.20703103326,
        0.20269598926000001,
        0.20500598826000002,
        0.19283022026000002,
        0.21114565926,
        0.20019832826,
        0.19748038826,
        0.19557735426,
        0.19752585426000002,
        0.20188401626000002,
        0.20569497126,
        0.20054474026000002
      ],
      "exit_codes": [
        0,
        0,
        0,
        0,
        0,
        0,
        0,
        0,
        0,
        0,
        0,
        0,
        0,
        0,
        0
      ]
    }
  ]
}
