{
  "results": [
    {
      "command": "./part2 < input",
      "mean": 0.012946778323902439,
      "stddev": 0.0017026517026432055,
      "median": 0.01287920608,
      "user": 0.011735352195121958,
      "system": 0.0014479836097560975,
      "min": 0.00888051708,
      "max": 0.018212910080000002,
      "times": [
        0.01218603108,
        0.016685552080000002,
        0.01201617808,
        0.01082901708,
        0.012658787080000001,
        0.01589061908,
        0.01242502908,
        0.01322485008,
        0.01065909408,
        0.01379286908,
        0.018212910080000002,
        0.013342044079999999,
        0.012176184080000001,
        0.01231083808,
        0.01173388008,
        0.013283307079999999,
        0.01322401208,
        0.01318057108,
        0.016603698080000003,
        0.01224511808,
        0.01105041408,
        0.013220101080000001,
        0.010171323080000001,
        0.01230769508,
        0.014942944080000001,
        0.01249033108,
        0.01240268008,
        0.012100267080000001,
        0.015179008079999999,
        0.01256352308,
        0.01481932508,
        0.01302782808,
        0.01236922608,
        0.01156235008,
        0.013381364080000001,
        0.01152233108,
        0.01489629108,
        0.01317987208,
        0.01465575708,
        0.012988857080000001,
        0.01219057208,
        0.01149635008,
        0.01395329408,
        0.01142378508,
        0.01118688308,
        0.014290417080000001,
        0.01344729408,
        0.01564030908,
        0.01294415808,
        0.01287920608,
        0.01648056808,
        0.011818038080000001,
        0.01154251508,
        0.01210278108,
        0.01347669808,
        0.01245981008,
        0.014134672079999999,
        0.01184408908,
        0.01289925008,
        0.015913877080000003,
        0.01165782308,
        0.01172710608,
        0.013440450080000001,
        0.01464646908,
        0.014101986080000002,
        0.01438637908,
        0.014913052080000001,
        0.01387157908,
        0.014737611079999999,
        0.013293504079999999,
        0.01246372108,
        0.00982812208,
        0.01317100208,
        0.015013135080000002,
        0.01238626708,
        0.01247314908,
        0.01141680108,
        0.01267701608,
        0.01365807508,
        0.01315005108,
        0.00888051708,
        0.01257581508,
        0.01372218908,
        0.01214217208,
        0.01292516208,
        0.01221124508,
        0.01239695208,
        0.01217255208,
        0.012462813080000001,
        0.015574588080000002,
        0.01258245108,
        0.01316094608,
        0.016432099080000002,
        0.01114965908,
        0.00922797708,
        0.014834691080000002,
        0.01209174608,
        0.01331306008,
        0.013246292080000001,
        0.01208182808,
        0.01230979008,
        0.011767264080000001,
        0.01058198808,
        0.01009477708,
        0.01206834908,
        0.01192915608,
        0.01213504808,
        0.012931587080000001,
        0.01303830408,
        0.016829844080000003,
        0.015341179080000001,
        0.01327297108,
        0.01456887408,
        0.00904946308,
        0.016223762080000002,
        0.015791166080000002,
        0.017934592080000002,
        0.01276871708,
        0.01366324408,
        0.01339700908,
        0.01450755408,
        0.01368293808,
        0.01395224608,
        0.01392137708,
        0.01261059708,
        0.01392912908,
        0.012487327080000001,
        0.01338010808,
        0.01389008808,
        0.011341931080000001,
        0.01250283108,
        0.01187398108,
        0.01132293408,
        0.014594715079999999,
        0.013347701080000001,
        0.01497919108,
        0.01179108008,
        0.01227459008,
        0.01084410308,
        0.01229638108,
        0.01321053308,
        0.01237250808,
        0.01294010708,
        0.01161529008,
        0.013878634079999999,
        0.01081497908,
        0.01275698408,
        0.01240617208,
        0.015576474080000001,
        0.014810875079999999,
        0.013987935080000001,
        0.01283352908,
        0.01257756208,
        0.013329612079999999,
        0.01261115608,
        0.01288151108,
        0.012523784080000001,
        0.01235246308,
        0.01239457808,
        0.013507847080000001,
        0.01123458508,
        0.013641104079999999,
        0.01141191108,
        0.01189668008,
        0.00899694208,
        0.014154018079999999,
        0.00964325308,
        0.00941403408,
        0.012384800080000001,
        0.016294651080000003,
        0.01266409508,
        0.00931821208,
        0.013150120080000001,
        0.015346557080000002,
        0.01408480508,
        0.017262441080000003,
        0.00957327208,
        0.016591895080000002,
        0.01369697708,
        0.01328728808,
        0.01162744208,
        0.01228045808,
        0.01217841908,
        0.013446875080000002,
        0.013105631080000001,
        0.01419054508,
        0.00914535508,
        0.01325432308,
        0.011945569080000001,
        0.01288290708,
        0.014182304080000001,
        0.013284984080000001,
        0.00944602208,
        0.011387188080000001,
        0.011813918080000001,
        0.01141805808,
        0.01303788608,
        0.015653438080000002,
        0.01204313708,
        0.01177152508,
        0.01054273808,
        0.01446851308,
        0.01343144008,
        0.01302489408,
        0.012033219080000001
      ],
      "exit_codes": [
        0,
        0,
        0,
        0,
        0,
        0,
        0,
        0,
        0,
        0,
        0,
        0,
        0,
        0,
        0,
        0,
        0,
        0,
        0,
        0,
        0,
        0,
        0,
        0,
        0,
        0,
        0,
        0,
        0,
        0,
        0,
        0,
        0,
        0,
        0,
        0,
        0,
        0,
        0,
        0,
        0,
        0,
        0,
        0,
        0,
        0,
        0,
        0,
        0,
        0,
        0,
        0,
        0,
        0,
        0,
        0,
        0,
        0,
        0,
        0,
        0,
        0,
        0,
        0,
        0,
        0,
        0,
        0,
        0,
        0,
        0,
        0,
        0,
        0,
        0,
        0,
        0,
        0,
        0,
        0,
        0,
        0,
        0,
        0,
        0,
        0,
        0,
        0,
        0,
        0,
        0,
        0,
        0,
        0,
        0,
        0,
        0,
        0,
        0,
        0,
        0,
        0,
        0,
        0,
        0,
        0,
        0,
        0,
        0,
        0,
        0,
        0,
        0,
        0,
        0,
        0,
        0,
        0,
        0,
        0,
        0,
        0,
        0,
        0,
        0,
        0,
        0,
        0,
        0,
        0,
        0,
        0,
        0,
        0,
        0,
        0,
        0,
        0,
        0,
        0,
        0,
        0,
        0,
        0,
        0,
        0,
        0,
        0,
        0,
        0,
        0,
        0,
        0,
        0,
        0,
        0,
        0,
        0,
        0,
        0,
        0,
        0,
        0,
        0,
        0,
        0,
        0,
        0,
        0,
        0,
        0,
        0,
        0,
        0,
        0,
        0,
        0,
        0,
        0,
        0,
        0,
        0,
        0,
        0,
        0,
        0,
        0,
        0,
        0,
        0,
        0,
        0,
        0,
        0,
        0,
        0,
        0,
        0,
        0,
        0,
        0,
        0,
        0,
        0,
        0
      ]
    },
    {
      "command": "./part2_hashtable < input",
      "mean": 0.08539541386125,
      "stddev": 0.005112029082686309,
      "median": 0.08703549058,
      "user": 0.082237565,
      "system": 0.0032464650000000005,